0,あああ あああ,男,足立区江北,111-1111-1111,111@ddf,雑誌,,Yes2,
1,近藤 美香,女,東京都,111-1111-1111,ssss@ssss,雑誌,,Yes6,tttttt
2,近藤 美香,女,東京都,111-1111-1111,ssss@ssss,雑誌,,Yes6,tttttt
3,近藤 美香,女,東京都,111-1111-1111,ssss@ssss,雑誌,,Yes6,tttttt
4,近藤 美香,女,東京都,111-1111-1111,ssss@ssss,雑誌,,Yes6,tttttt
5,近藤 美香,女,東京都,111-1111-1111,ssss@ssss,雑誌,,Yes6,tttttt
6,近藤 美香,女,東京都,111-1111-1111,ssss@ssss,雑誌,,Yes6,tttttt
7,近藤 美香,女,東京都,111-1111-1111,ssss@ssss,雑誌,,Yes6,tttttt
8,近藤 美香,女,東京都,111-1111-1111,ssss@ssss,雑誌,,Yes6,tttttt
9,近藤 美香,女,東京都,111-1111-1111,ssss@ssss,雑誌,,Yes6,tttttt
10,近藤 美香,女,東京都,111-1111-1111,ssss@ssss,雑誌,,Yes6,tttttt
11,近藤 美香,女,東京都,111-1111-1111,ssss@ssss,雑誌,,Yes6,tttttt
12,近藤 美香,女,東京都,111-1111-1111,ssss@ssss,雑誌,,Yes6,tttttt
13,近藤 美香,女,東京都,111-1111-1111,ssss@ssss,雑誌,,Yes6,tttttt
14,近藤 美香,女,東京都,111-1111-1111,ssss@ssss,雑誌,,Yes6,tttttt
15,近藤 美香,女,東京都,111-1111-1111,ssss@ssss,雑誌,,Yes6,tttttt
16,近藤 美香,女,東京都,111-1111-1111,ssss@ssss,雑誌,,Yes6,tttttt
